ensembl_gene_id	ensembl_transcript_id	ggallus_homolog_ensembl_gene	ggallus_homolog_orthology_type	ggallus_homolog_orthology_confidence
ENSTGUG00000008766	ENSTGUT00000009145	ENSGALG00000026836	ortholog_one2many	0
ENSTGUG00000008792	ENSTGUT00000009150	ENSGALG00000016843	ortholog_one2one	1
ENSTGUG00000008797	ENSTGUT00000009154	ENSGALG00000016844	ortholog_one2one	1
ENSTGUG00000008801	ENSTGUT00000009157			NA
ENSTGUG00000008803	ENSTGUT00000009183	ENSGALG00000016845	ortholog_one2one	1
ENSTGUG00000008828	ENSTGUT00000009206	ENSGALG00000016847	ortholog_one2one	1
ENSTGUG00000008851	ENSTGUT00000009207	ENSGALG00000016849	ortholog_one2one	0
ENSTGUG00000008852	ENSTGUT00000009214	ENSGALG00000016850	ortholog_one2one	1
ENSTGUG00000008859	ENSTGUT00000009268	ENSGALG00000016851	ortholog_one2one	1
ENSTGUG00000008913	ENSTGUT00000009270			NA
ENSTGUG00000008915	ENSTGUT00000009276			NA
ENSTGUG00000008919	ENSTGUT00000009335	ENSGALG00000016836	ortholog_one2one	1
ENSTGUG00000008975	ENSTGUT00000009384	ENSGALG00000016835	ortholog_one2one	1
ENSTGUG00000009021	ENSTGUT00000009467	ENSGALG00000016834	ortholog_one2many	1
ENSTGUG00000009098	ENSTGUT00000009496	ENSGALG00000026677	ortholog_one2many	1
ENSTGUG00000009127	ENSTGUT00000009500	ENSGALG00000026677	ortholog_one2many	1
ENSTGUG00000009129	ENSTGUT00000009507	ENSGALG00000016832	ortholog_one2one	1
ENSTGUG00000009135	ENSTGUT00000009528	ENSGALG00000016831	ortholog_one2one	1
ENSTGUG00000009155	ENSTGUT00000009560	ENSGALG00000016830	ortholog_one2one	1
ENSTGUG00000009185	ENSTGUT00000009583	ENSGALG00000016829	ortholog_one2many	1
ENSTGUG00000009208	ENSTGUT00000009602	ENSGALG00000016828	ortholog_one2one	1
ENSTGUG00000009226	ENSTGUT00000009603	ENSGALG00000016827	ortholog_one2one	1
ENSTGUG00000009227	ENSTGUT00000009614	ENSGALG00000016826	ortholog_one2many	1
ENSTGUG00000009237	ENSTGUT00000009637	ENSGALG00000029145	ortholog_one2one	1
ENSTGUG00000009257	ENSTGUT00000009652	ENSGALG00000016824	ortholog_one2one	1
ENSTGUG00000009272	ENSTGUT00000009682	ENSGALG00000016823	ortholog_one2one	1
ENSTGUG00000009299	ENSTGUT00000009695	ENSGALG00000016822	ortholog_one2many	1
ENSTGUG00000009312	ENSTGUT00000009705	ENSGALG00000016821	ortholog_one2one	1
ENSTGUG00000009321	ENSTGUT00000009739	ENSGALG00000016820	ortholog_one2one	1
ENSTGUG00000009356	ENSTGUT00000009826	ENSGALG00000016817	ortholog_one2one	1
ENSTGUG00000009440	ENSTGUT00000009879	ENSGALG00000016816	ortholog_one2one	1
ENSTGUG00000009493	ENSTGUT00000009905	ENSGALG00000016815	ortholog_one2one	0
ENSTGUG00000009515	ENSTGUT00000009919	ENSGALG00000016813	ortholog_one2one	1
ENSTGUG00000009529	ENSTGUT00000009923	ENSGALG00000016811	ortholog_one2one	1
ENSTGUG00000009533	ENSTGUT00000009933	ENSGALG00000016810	ortholog_one2one	1
ENSTGUG00000009543	ENSTGUT00000009950	ENSGALG00000016809	ortholog_one2one	1
ENSTGUG00000009559	ENSTGUT00000009956			NA
ENSTGUG00000009564	ENSTGUT00000009963			NA
ENSTGUG00000009571	ENSTGUT00000010030	ENSGALG00000016808	ortholog_one2many	1
ENSTGUG00000009571	ENSTGUT00000010030	ENSGALG00000013985	ortholog_one2many	1
ENSTGUG00000009571	ENSTGUT00000010030	ENSGALG00000001269	ortholog_one2many	1
ENSTGUG00000009631	ENSTGUT00000010049			NA
ENSTGUG00000009650	ENSTGUT00000010066	ENSGALG00000016806	ortholog_one2many	1
ENSTGUG00000009666	ENSTGUT00000010097	ENSGALG00000016805	ortholog_one2one	1
ENSTGUG00000013552	ENSTGUT00000014112	ENSGALG00000015737	ortholog_one2one	1
ENSTGUG00000013553	ENSTGUT00000014113	ENSGALG00000015742	ortholog_one2many	1
ENSTGUG00000013554	ENSTGUT00000014114	ENSGALG00000015746	ortholog_one2many	1
ENSTGUG00000013555	ENSTGUT00000014115	ENSGALG00000015751	ortholog_one2many	1
ENSTGUG00000013556	ENSTGUT00000014116	ENSGALG00000015763	ortholog_one2one	1
ENSTGUG00000013557	ENSTGUT00000014117	ENSGALG00000015770	ortholog_one2one	1
ENSTGUG00000013558	ENSTGUT00000014118			NA
ENSTGUG00000013559	ENSTGUT00000014119			NA
ENSTGUG00000013560	ENSTGUT00000014120	ENSGALG00000000249	ortholog_one2many	1
ENSTGUG00000013561	ENSTGUT00000014121	ENSGALG00000014170	ortholog_one2many	1
ENSTGUG00000013561	ENSTGUT00000014121	ENSGALG00000028558	ortholog_one2many	1
ENSTGUG00000013562	ENSTGUT00000014122	ENSGALG00000009114	ortholog_one2one	1
ENSTGUG00000013563	ENSTGUT00000014123	ENSGALG00000000845	ortholog_one2one	1
ENSTGUG00000018101	ENSTGUT00000018788	ENSGALG00000018245	ortholog_one2one	1
ENSTGUG00000005474	ENSTGUT00000005764	ENSGALG00000003849	ortholog_one2one	1
ENSTGUG00000005555	ENSTGUT00000005786	ENSGALG00000003883	ortholog_one2one	1
ENSTGUG00000005575	ENSTGUT00000005790	ENSGALG00000003897	ortholog_one2one	1
ENSTGUG00000005578	ENSTGUT00000005815	ENSGALG00000003906	ortholog_one2one	1
ENSTGUG00000005604	ENSTGUT00000005821	ENSGALG00000003913	ortholog_one2many	1
ENSTGUG00000005608	ENSTGUT00000005824	ENSGALG00000003913	ortholog_one2many	1
ENSTGUG00000005613	ENSTGUT00000005856	ENSGALG00000003930	ortholog_one2one	1
ENSTGUG00000005645	ENSTGUT00000005864	ENSGALG00000003944	ortholog_one2one	1
ENSTGUG00000005653	ENSTGUT00000005912	ENSGALG00000003970	ortholog_one2one	1
ENSTGUG00000005700	ENSTGUT00000005938	ENSGALG00000004059	ortholog_one2one	1
ENSTGUG00000005726	ENSTGUT00000006008	ENSGALG00000003985	ortholog_one2one	1
ENSTGUG00000005792	ENSTGUT00000006011	ENSGALG00000026271	ortholog_one2one	1
ENSTGUG00000005796	ENSTGUT00000006022	ENSGALG00000004038	ortholog_one2one	1
ENSTGUG00000005808	ENSTGUT00000006024	ENSGALG00000004046	ortholog_one2one	1
ENSTGUG00000005809	ENSTGUT00000006063	ENSGALG00000004087	ortholog_one2one	1
ENSTGUG00000005850	ENSTGUT00000006105	ENSGALG00000004096	ortholog_one2one	1
ENSTGUG00000005890	ENSTGUT00000006110	ENSGALG00000004103	ortholog_one2many	1
ENSTGUG00000005894	ENSTGUT00000006202	ENSGALG00000004150	ortholog_one2one	1
ENSTGUG00000005982	ENSTGUT00000006214	ENSGALG00000004161	ortholog_one2one	1
ENSTGUG00000005994	ENSTGUT00000006236	ENSGALG00000004171	ortholog_one2one	1
ENSTGUG00000006017	ENSTGUT00000006263	ENSGALG00000004192	ortholog_one2one	1
ENSTGUG00000006043	ENSTGUT00000006303	ENSGALG00000004204	ortholog_one2one	1
ENSTGUG00000006081	ENSTGUT00000006342	ENSGALG00000004212	ortholog_one2one	1
ENSTGUG00000006120	ENSTGUT00000006375	ENSGALG00000004230	ortholog_one2one	1
ENSTGUG00000006153	ENSTGUT00000006400	ENSGALG00000004261	ortholog_one2one	1
ENSTGUG00000006178	ENSTGUT00000006448	ENSGALG00000004270	ortholog_one2one	1
ENSTGUG00000006225	ENSTGUT00000006465	ENSGALG00000004283	ortholog_one2one	1
ENSTGUG00000006242	ENSTGUT00000006493	ENSGALG00000004294	ortholog_one2one	1
ENSTGUG00000006270	ENSTGUT00000006538	ENSGALG00000004304	ortholog_one2one	1
ENSTGUG00000006310	ENSTGUT00000006557	ENSGALG00000014375	ortholog_one2one	1
ENSTGUG00000006330	ENSTGUT00000006576	ENSGALG00000013893	ortholog_one2one	1
ENSTGUG00000006348	ENSTGUT00000006584	ENSGALG00000023562	ortholog_one2many	1
ENSTGUG00000006356	ENSTGUT00000006588	ENSGALG00000000725	ortholog_one2one	1
ENSTGUG00000006360	ENSTGUT00000006655	ENSGALG00000004347	ortholog_one2one	1
ENSTGUG00000006424	ENSTGUT00000006660			NA
ENSTGUG00000006429	ENSTGUT00000006693	ENSGALG00000004361	ortholog_one2one	1
ENSTGUG00000006461	ENSTGUT00000006701	ENSGALG00000004369	ortholog_one2one	1
ENSTGUG00000006467	ENSTGUT00000006730	ENSGALG00000004387	ortholog_one2many	1
ENSTGUG00000006492	ENSTGUT00000006737	ENSGALG00000004399	ortholog_one2one	1
ENSTGUG00000006499	ENSTGUT00000006746	ENSGALG00000004421	ortholog_one2one	1
ENSTGUG00000006499	ENSTGUT00000006747	ENSGALG00000004421	ortholog_one2one	1
ENSTGUG00000006508	ENSTGUT00000006769	ENSGALG00000004435	ortholog_one2one	1
ENSTGUG00000006530	ENSTGUT00000006774			NA
ENSTGUG00000017946	ENSTGUT00000018633	ENSGALG00000018257	ortholog_one2one	1
ENSTGUG00000018030	ENSTGUT00000018717			NA
ENSTGUG00000007708	ENSTGUT00000008015	ENSGALG00000006099	ortholog_one2one	1
ENSTGUG00000007712	ENSTGUT00000008020	ENSGALG00000026945	ortholog_one2one	1
ENSTGUG00000007717	ENSTGUT00000008021	ENSGALG00000006118	ortholog_one2one	1
ENSTGUG00000007717	ENSTGUT00000008023	ENSGALG00000006118	ortholog_one2one	1
ENSTGUG00000007718	ENSTGUT00000008026	ENSGALG00000028465	ortholog_one2one	1
ENSTGUG00000007721	ENSTGUT00000008027	ENSGALG00000026172	ortholog_one2one	1
ENSTGUG00000007721	ENSTGUT00000008029	ENSGALG00000026172	ortholog_one2one	1
ENSTGUG00000007724	ENSTGUT00000008033	ENSGALG00000007267	ortholog_one2one	1
ENSTGUG00000007728	ENSTGUT00000008035			NA
ENSTGUG00000007729	ENSTGUT00000008046	ENSGALG00000007272	ortholog_one2one	1
ENSTGUG00000007741	ENSTGUT00000008051	ENSGALG00000013784	ortholog_one2one	1
ENSTGUG00000007746	ENSTGUT00000008063	ENSGALG00000027272	ortholog_one2one	1
ENSTGUG00000007758	ENSTGUT00000008087	ENSGALG00000006282	ortholog_one2one	1
ENSTGUG00000007780	ENSTGUT00000008089			NA
ENSTGUG00000007782	ENSTGUT00000008121	ENSGALG00000006234	ortholog_one2one	1
ENSTGUG00000007811	ENSTGUT00000008137	ENSGALG00000006223	ortholog_one2one	1
ENSTGUG00000007827	ENSTGUT00000008148	ENSGALG00000006222	ortholog_one2many	1
ENSTGUG00000007838	ENSTGUT00000008155	ENSGALG00000006222	ortholog_one2many	1
ENSTGUG00000007843	ENSTGUT00000008190	ENSGALG00000006206	ortholog_one2one	1
ENSTGUG00000007874	ENSTGUT00000008210	ENSGALG00000006179	ortholog_one2one	1
ENSTGUG00000007893	ENSTGUT00000008217	ENSGALG00000006175	ortholog_one2one	1
ENSTGUG00000007901	ENSTGUT00000008232	ENSGALG00000006161	ortholog_one2one	1
ENSTGUG00000007915	ENSTGUT00000008280	ENSGALG00000006144	ortholog_one2one	1
ENSTGUG00000007961	ENSTGUT00000008292	ENSGALG00000000513	ortholog_one2one	1
ENSTGUG00000007970	ENSTGUT00000008322	ENSGALG00000000516	ortholog_one2one	1
ENSTGUG00000007970	ENSTGUT00000008323	ENSGALG00000000516	ortholog_one2one	1
ENSTGUG00000008000	ENSTGUT00000008347	ENSGALG00000000129	ortholog_one2one	1
ENSTGUG00000008024	ENSTGUT00000008351	ENSGALG00000023459	ortholog_one2one	1
ENSTGUG00000008027	ENSTGUT00000008352			NA
ENSTGUG00000008028	ENSTGUT00000008353	ENSGALG00000000528	ortholog_one2one	1
ENSTGUG00000008030	ENSTGUT00000008357	ENSGALG00000000540	ortholog_one2one	1
ENSTGUG00000008034	ENSTGUT00000008374	ENSGALG00000000608	ortholog_one2one	1
ENSTGUG00000008051	ENSTGUT00000008389	ENSGALG00000000624	ortholog_one2one	1
ENSTGUG00000008065	ENSTGUT00000008397	ENSGALG00000000641	ortholog_one2one	1
ENSTGUG00000008073	ENSTGUT00000008412	ENSGALG00000000650	ortholog_one2one	1
ENSTGUG00000008088	ENSTGUT00000008415	ENSGALG00000000654	ortholog_one2one	1
ENSTGUG00000008090	ENSTGUT00000008423	ENSGALG00000000657	ortholog_one2one	1
ENSTGUG00000008090	ENSTGUT00000008425	ENSGALG00000000657	ortholog_one2one	1
ENSTGUG00000008099	ENSTGUT00000008431	ENSGALG00000000660	ortholog_one2one	1
ENSTGUG00000008104	ENSTGUT00000008454	ENSGALG00000000671	ortholog_one2one	1
ENSTGUG00000008124	ENSTGUT00000008459	ENSGALG00000000693	ortholog_one2one	1
ENSTGUG00000008128	ENSTGUT00000008503	ENSGALG00000000699	ortholog_one2one	1
ENSTGUG00000008170	ENSTGUT00000008517	ENSGALG00000000707	ortholog_one2one	1
ENSTGUG00000008184	ENSTGUT00000008521			NA
ENSTGUG00000008188	ENSTGUT00000008523			NA
ENSTGUG00000008190	ENSTGUT00000008527	ENSGALG00000000713	ortholog_one2one	1
ENSTGUG00000008194	ENSTGUT00000008529			NA
ENSTGUG00000008196	ENSTGUT00000008590			NA
ENSTGUG00000008256	ENSTGUT00000008592	ENSGALG00000000802	ortholog_one2one	1
ENSTGUG00000008259	ENSTGUT00000008611	ENSGALG00000000811	ortholog_one2one	1
ENSTGUG00000008277	ENSTGUT00000008620	ENSGALG00000000817	ortholog_one2one	1
ENSTGUG00000008285	ENSTGUT00000008665	ENSGALG00000000848	ortholog_one2one	1
ENSTGUG00000008329	ENSTGUT00000008706	ENSGALG00000000875	ortholog_one2one	1
ENSTGUG00000008371	ENSTGUT00000008708			NA
ENSTGUG00000008372	ENSTGUT00000008710	ENSGALG00000000882	ortholog_one2one	1
ENSTGUG00000008374	ENSTGUT00000008728	ENSGALG00000000893	ortholog_one2one	1
ENSTGUG00000008391	ENSTGUT00000008731	ENSGALG00000000901	ortholog_one2one	1
ENSTGUG00000008393	ENSTGUT00000008738	ENSGALG00000000903	ortholog_one2one	1
ENSTGUG00000008400	ENSTGUT00000008787	ENSGALG00000000907	ortholog_one2one	1
ENSTGUG00000008449	ENSTGUT00000008796	ENSGALG00000000908	ortholog_one2one	1
ENSTGUG00000008458	ENSTGUT00000008799	ENSGALG00000003208	ortholog_one2one	1
ENSTGUG00000008461	ENSTGUT00000008808	ENSGALG00000003219	ortholog_one2one	1
ENSTGUG00000008470	ENSTGUT00000008809	ENSGALG00000000913	ortholog_one2one	1
ENSTGUG00000008471	ENSTGUT00000008845	ENSGALG00000003786	ortholog_one2one	1
ENSTGUG00000008504	ENSTGUT00000008907	ENSGALG00000003837	ortholog_one2one	1
ENSTGUG00000008561	ENSTGUT00000008929	ENSGALG00000003853	ortholog_one2one	1
ENSTGUG00000008582	ENSTGUT00000008956	ENSGALG00000003874	ortholog_one2one	1
ENSTGUG00000008609	ENSTGUT00000008973	ENSGALG00000021247	ortholog_one2one	0
ENSTGUG00000008625	ENSTGUT00000008975			NA
ENSTGUG00000008627	ENSTGUT00000008993	ENSGALG00000003891	ortholog_one2one	1
ENSTGUG00000008647	ENSTGUT00000009012	ENSGALG00000003907	ortholog_one2one	1
ENSTGUG00000008664	ENSTGUT00000009015	ENSGALG00000003916	ortholog_one2one	0
ENSTGUG00000008667	ENSTGUT00000009052	ENSGALG00000003942	ortholog_one2one	1
ENSTGUG00000008701	ENSTGUT00000009106	ENSGALG00000004004	ortholog_one2one	1
ENSTGUG00000008754	ENSTGUT00000009155	ENSGALG00000004049	ortholog_one2one	1
ENSTGUG00000008802	ENSTGUT00000009171	ENSGALG00000004071	ortholog_one2one	1
ENSTGUG00000008817	ENSTGUT00000009177	ENSGALG00000004115	ortholog_one2one	1
ENSTGUG00000008822	ENSTGUT00000009187	ENSGALG00000021225	ortholog_one2one	1
ENSTGUG00000008832	ENSTGUT00000009203	ENSGALG00000004158	ortholog_one2one	1
ENSTGUG00000008847	ENSTGUT00000009211	ENSGALG00000017363	ortholog_one2one	1
ENSTGUG00000017564	ENSTGUT00000018251	ENSGALG00000025302	ortholog_one2one	1
ENSTGUG00000018696	ENSTGUT00000019412	ENSGALG00000025089	ortholog_one2one	1
ENSTGUG00000017951	ENSTGUT00000018638	ENSGALG00000018261	ortholog_one2one	1
ENSTGUG00000010200	ENSTGUT00000010642	ENSGALG00000008274	ortholog_one2many	1
ENSTGUG00000010215	ENSTGUT00000010645	ENSGALG00000008279	ortholog_one2one	1
ENSTGUG00000010218	ENSTGUT00000010648			NA
ENSTGUG00000010221	ENSTGUT00000010669	ENSGALG00000008286	ortholog_one2one	1
ENSTGUG00000010241	ENSTGUT00000010728	ENSGALG00000008294	ortholog_one2one	1
ENSTGUG00000010301	ENSTGUT00000010738	ENSGALG00000008308	ortholog_one2one	1
ENSTGUG00000010307	ENSTGUT00000010748	ENSGALG00000008314	ortholog_one2one	0
ENSTGUG00000010316	ENSTGUT00000010785	ENSGALG00000008320	ortholog_one2one	1
ENSTGUG00000010353	ENSTGUT00000010790	ENSGALG00000008339	ortholog_one2many	0
ENSTGUG00000010358	ENSTGUT00000010821	ENSGALG00000008339	ortholog_one2many	0
ENSTGUG00000010388	ENSTGUT00000010835	ENSGALG00000008349	ortholog_one2one	1
ENSTGUG00000010401	ENSTGUT00000010837	ENSGALG00000008351	ortholog_one2one	1
ENSTGUG00000010403	ENSTGUT00000010839	ENSGALG00000003138	ortholog_one2one	1
ENSTGUG00000010405	ENSTGUT00000010849	ENSGALG00000008368	ortholog_one2one	1
ENSTGUG00000010415	ENSTGUT00000010876	ENSGALG00000008378	ortholog_one2one	1
ENSTGUG00000010440	ENSTGUT00000010882	ENSGALG00000008394	ortholog_one2one	1
ENSTGUG00000010445	ENSTGUT00000010886	ENSGALG00000028009	ortholog_one2one	1
ENSTGUG00000010449	ENSTGUT00000010891	ENSGALG00000008407	ortholog_one2many	1
ENSTGUG00000010453	ENSTGUT00000010897	ENSGALG00000008419	ortholog_one2one	1
ENSTGUG00000010461	ENSTGUT00000010910	ENSGALG00000008420	ortholog_one2many	1
ENSTGUG00000010472	ENSTGUT00000010916	ENSGALG00000027142	ortholog_one2one	1
ENSTGUG00000010478	ENSTGUT00000010921	ENSGALG00000020747	ortholog_one2one	1
ENSTGUG00000010483	ENSTGUT00000010967	ENSGALG00000008452	ortholog_one2one	1
ENSTGUG00000010528	ENSTGUT00000010973	ENSGALG00000020745	ortholog_one2one	1
ENSTGUG00000010534	ENSTGUT00000011002	ENSGALG00000008473	ortholog_one2one	1
ENSTGUG00000010564	ENSTGUT00000011005	ENSGALG00000008487	ortholog_one2one	1
ENSTGUG00000010565	ENSTGUT00000011007	ENSGALG00000008490	ortholog_one2one	1
ENSTGUG00000010568	ENSTGUT00000011017	ENSGALG00000008500	ortholog_one2one	1
ENSTGUG00000010579	ENSTGUT00000011029	ENSGALG00000008506	ortholog_one2one	1
ENSTGUG00000010590	ENSTGUT00000011047	ENSGALG00000008519	ortholog_one2one	1
ENSTGUG00000010607	ENSTGUT00000011059	ENSGALG00000008546	ortholog_one2one	1
ENSTGUG00000010621	ENSTGUT00000011064			NA
ENSTGUG00000001483	ENSTGUT00000001542			NA
ENSTGUG00000001484	ENSTGUT00000001544			NA
ENSTGUG00000001487	ENSTGUT00000001546			NA
ENSTGUG00000001488	ENSTGUT00000001553	ENSGALG00000001826	ortholog_one2one	1
ENSTGUG00000001488	ENSTGUT00000001556	ENSGALG00000001826	ortholog_one2one	1
ENSTGUG00000001499	ENSTGUT00000001565	ENSGALG00000001850	ortholog_one2one	1
ENSTGUG00000001508	ENSTGUT00000001567	ENSGALG00000001874	ortholog_one2one	1
ENSTGUG00000001510	ENSTGUT00000001569	ENSGALG00000001895	ortholog_one2one	1
ENSTGUG00000001512	ENSTGUT00000001584	ENSGALG00000001916	ortholog_one2one	1
ENSTGUG00000001527	ENSTGUT00000001585	ENSGALG00000001942	ortholog_one2many	1
ENSTGUG00000001528	ENSTGUT00000001626	ENSGALG00000002080	ortholog_one2one	1
ENSTGUG00000001567	ENSTGUT00000001627	ENSGALG00000027809	ortholog_one2one	1
ENSTGUG00000001568	ENSTGUT00000001629	ENSGALG00000002105	ortholog_one2one	1
ENSTGUG00000001570	ENSTGUT00000001633	ENSGALG00000002113	ortholog_one2one	1
ENSTGUG00000001570	ENSTGUT00000001634	ENSGALG00000002113	ortholog_one2one	1
ENSTGUG00000001570	ENSTGUT00000001636	ENSGALG00000002113	ortholog_one2one	1
ENSTGUG00000001574	ENSTGUT00000001637	ENSGALG00000005898	ortholog_one2one	1
ENSTGUG00000001576	ENSTGUT00000001655	ENSGALG00000000833	ortholog_one2one	1
ENSTGUG00000001594	ENSTGUT00000001656			NA
ENSTGUG00000001595	ENSTGUT00000001657	ENSGALG00000000846	ortholog_one2one	1
ENSTGUG00000001596	ENSTGUT00000001658	ENSGALG00000021559	ortholog_one2one	1
ENSTGUG00000001597	ENSTGUT00000001660			NA
ENSTGUG00000001599	ENSTGUT00000001665	ENSGALG00000000852	ortholog_one2one	1
ENSTGUG00000001604	ENSTGUT00000001668			NA
ENSTGUG00000001607	ENSTGUT00000001669			NA
ENSTGUG00000001608	ENSTGUT00000001670	ENSGALG00000000884	ortholog_one2one	1
ENSTGUG00000001609	ENSTGUT00000001671			NA
ENSTGUG00000001610	ENSTGUT00000001682	ENSGALG00000000899	ortholog_one2many	1
ENSTGUG00000001621	ENSTGUT00000001688	ENSGALG00000000917	ortholog_one2one	1
ENSTGUG00000018076	ENSTGUT00000018763	ENSGALG00000018269	ortholog_one2one	1
ENSTGUG00000017665	ENSTGUT00000018352			NA
ENSTGUG00000018098	ENSTGUT00000018785			NA
ENSTGUG00000009453	ENSTGUT00000009849	ENSGALG00000003011	ortholog_one2one	1
ENSTGUG00000009463	ENSTGUT00000009850	ENSGALG00000027190	ortholog_one2many	1
ENSTGUG00000009464	ENSTGUT00000009852	ENSGALG00000027190	ortholog_one2many	1
ENSTGUG00000009465	ENSTGUT00000009864	ENSGALG00000003033	ortholog_one2one	1
ENSTGUG00000009478	ENSTGUT00000009880	ENSGALG00000003059	ortholog_one2one	1
ENSTGUG00000009491	ENSTGUT00000009889	ENSGALG00000003078	ortholog_one2one	1
ENSTGUG00000009500	ENSTGUT00000009892			NA
ENSTGUG00000009502	ENSTGUT00000009902	ENSGALG00000003099	ortholog_one2many	1
ENSTGUG00000009511	ENSTGUT00000009903	ENSGALG00000026465	ortholog_one2one	1
ENSTGUG00000009513	ENSTGUT00000009911	ENSGALG00000003110	ortholog_one2one	1
ENSTGUG00000009521	ENSTGUT00000009913	ENSGALG00000003114	ortholog_one2one	1
ENSTGUG00000009523	ENSTGUT00000009914	ENSGALG00000024428	ortholog_one2one	1
ENSTGUG00000009524	ENSTGUT00000009926	ENSGALG00000003131	ortholog_one2one	1
ENSTGUG00000009536	ENSTGUT00000009934	ENSGALG00000003144	ortholog_one2one	1
ENSTGUG00000009544	ENSTGUT00000009946	ENSGALG00000003158	ortholog_one2one	1
ENSTGUG00000009555	ENSTGUT00000009977	ENSGALG00000003185	ortholog_one2one	1
ENSTGUG00000009584	ENSTGUT00000009989	ENSGALG00000003227	ortholog_one2one	1
ENSTGUG00000017772	ENSTGUT00000018459			NA
ENSTGUG00000018517	ENSTGUT00000019041			NA
ENSTGUG00000017659	ENSTGUT00000018346	ENSGALG00000021737	ortholog_one2one	1
ENSTGUG00000004629	ENSTGUT00000004850	ENSGALG00000009078	ortholog_one2one	1
ENSTGUG00000004674	ENSTGUT00000004876	ENSGALG00000020084	ortholog_one2one	1
ENSTGUG00000004700	ENSTGUT00000004883	ENSGALG00000008594	ortholog_one2many	1
ENSTGUG00000004706	ENSTGUT00000004902	ENSGALG00000008594	ortholog_one2many	1
ENSTGUG00000004725	ENSTGUT00000004913	ENSGALG00000008594	ortholog_one2many	1
ENSTGUG00000004725	ENSTGUT00000004916	ENSGALG00000008594	ortholog_one2many	1
ENSTGUG00000004738	ENSTGUT00000004933	ENSGALG00000013255	ortholog_one2one	1
ENSTGUG00000004755	ENSTGUT00000004973	ENSGALG00000008609	ortholog_one2one	1
ENSTGUG00000004794	ENSTGUT00000004976			NA
ENSTGUG00000004797	ENSTGUT00000005010	ENSGALG00000008605	ortholog_one2one	1
ENSTGUG00000004831	ENSTGUT00000005019	ENSGALG00000008597	ortholog_one2one	1
ENSTGUG00000004831	ENSTGUT00000005020	ENSGALG00000008597	ortholog_one2one	1
ENSTGUG00000004839	ENSTGUT00000005021			NA
ENSTGUG00000004840	ENSTGUT00000005023			NA
ENSTGUG00000004842	ENSTGUT00000005085	ENSGALG00000008567	ortholog_one2one	1
ENSTGUG00000004900	ENSTGUT00000005088	ENSGALG00000008543	ortholog_one2one	1
ENSTGUG00000004902	ENSTGUT00000005115	ENSGALG00000008536	ortholog_one2one	1
ENSTGUG00000004930	ENSTGUT00000005125			NA
ENSTGUG00000004938	ENSTGUT00000005173	ENSGALG00000008527	ortholog_one2one	1
ENSTGUG00000004985	ENSTGUT00000005200	ENSGALG00000008525	ortholog_one2one	1
ENSTGUG00000004985	ENSTGUT00000005204	ENSGALG00000008525	ortholog_one2one	1
ENSTGUG00000005015	ENSTGUT00000005288	ENSGALG00000008508	ortholog_one2one	1
ENSTGUG00000005097	ENSTGUT00000005332	ENSGALG00000008563	ortholog_one2one	1
ENSTGUG00000005139	ENSTGUT00000005339	ENSGALG00000029057	ortholog_one2one	1
ENSTGUG00000005146	ENSTGUT00000005403	ENSGALG00000008571	ortholog_one2one	1
ENSTGUG00000005210	ENSTGUT00000005411	ENSGALG00000008575	ortholog_one2one	1
ENSTGUG00000005218	ENSTGUT00000005430	ENSGALG00000028471	ortholog_one2one	1
ENSTGUG00000005237	ENSTGUT00000005480	ENSGALG00000008607	ortholog_one2one	1
ENSTGUG00000005284	ENSTGUT00000005493	ENSGALG00000008614	ortholog_one2one	1
ENSTGUG00000005293	ENSTGUT00000005533	ENSGALG00000001661	ortholog_one2one	1
ENSTGUG00000005334	ENSTGUT00000005552	ENSGALG00000008627	ortholog_one2one	1
ENSTGUG00000005353	ENSTGUT00000005595	ENSGALG00000008632	ortholog_one2one	1
ENSTGUG00000005391	ENSTGUT00000005605	ENSGALG00000009056	ortholog_one2one	1
ENSTGUG00000005402	ENSTGUT00000005612	ENSGALG00000009052	ortholog_one2one	1
ENSTGUG00000005407	ENSTGUT00000005614			NA
ENSTGUG00000005410	ENSTGUT00000005618	ENSGALG00000009047	ortholog_one2one	0
ENSTGUG00000005415	ENSTGUT00000005620	ENSGALG00000009041	ortholog_one2one	1
ENSTGUG00000005416	ENSTGUT00000005649	ENSGALG00000009034	ortholog_one2one	1
ENSTGUG00000005446	ENSTGUT00000005668	ENSGALG00000009024	ortholog_one2one	1
ENSTGUG00000005464	ENSTGUT00000005686	ENSGALG00000008989	ortholog_one2one	1
ENSTGUG00000005482	ENSTGUT00000005690	ENSGALG00000008979	ortholog_one2one	1
ENSTGUG00000005486	ENSTGUT00000005695	ENSGALG00000017392	ortholog_one2one	1
ENSTGUG00000005491	ENSTGUT00000005707	ENSGALG00000008969	ortholog_one2one	0
ENSTGUG00000005502	ENSTGUT00000005767	ENSGALG00000008962	ortholog_one2one	1
ENSTGUG00000005557	ENSTGUT00000005770	ENSGALG00000008960	ortholog_one2one	1
ENSTGUG00000005559	ENSTGUT00000005783	ENSGALG00000008957	ortholog_one2one	1
ENSTGUG00000005572	ENSTGUT00000005834	ENSGALG00000008944	ortholog_one2one	1
ENSTGUG00000005623	ENSTGUT00000005837	ENSGALG00000008942	ortholog_one2one	1
ENSTGUG00000005626	ENSTGUT00000005866	ENSGALG00000008937	ortholog_one2one	1
ENSTGUG00000005655	ENSTGUT00000005891	ENSGALG00000009092	ortholog_one2one	1
ENSTGUG00000005679	ENSTGUT00000005909	ENSGALG00000009095	ortholog_one2one	1
ENSTGUG00000005697	ENSTGUT00000005943	ENSGALG00000009100	ortholog_one2one	1
ENSTGUG00000009390	ENSTGUT00000009834	ENSGALG00000011537	ortholog_one2one	1
ENSTGUG00000009448	ENSTGUT00000009846	ENSGALG00000011489	ortholog_one2one	1
ENSTGUG00000009460	ENSTGUT00000009867	ENSGALG00000020005	ortholog_one2one	1
ENSTGUG00000009460	ENSTGUT00000009870	ENSGALG00000020005	ortholog_one2one	1
ENSTGUG00000009482	ENSTGUT00000009876	ENSGALG00000011483	ortholog_one2one	1
ENSTGUG00000009488	ENSTGUT00000009927	ENSGALG00000011473	ortholog_one2one	1
ENSTGUG00000009538	ENSTGUT00000009939	ENSGALG00000011426	ortholog_one2one	1
ENSTGUG00000009547	ENSTGUT00000009954	ENSGALG00000011423	ortholog_one2one	1
ENSTGUG00000009563	ENSTGUT00000009958	ENSGALG00000011418	ortholog_one2one	1
ENSTGUG00000009567	ENSTGUT00000009969	ENSGALG00000011341	ortholog_one2one	1
ENSTGUG00000009578	ENSTGUT00000010036	ENSGALG00000011329	ortholog_one2one	1
ENSTGUG00000009635	ENSTGUT00000010046	ENSGALG00000011299	ortholog_one2one	1
ENSTGUG00000009646	ENSTGUT00000010056	ENSGALG00000011296	ortholog_one2one	1
ENSTGUG00000009656	ENSTGUT00000010058			NA
ENSTGUG00000009658	ENSTGUT00000010065	ENSGALG00000011288	ortholog_one2one	1
ENSTGUG00000009658	ENSTGUT00000010073	ENSGALG00000011288	ortholog_one2one	1
ENSTGUG00000009671	ENSTGUT00000010078	ENSGALG00000011287	ortholog_one2one	1
ENSTGUG00000009675	ENSTGUT00000010084	ENSGALG00000011273	ortholog_one2one	1
ENSTGUG00000009682	ENSTGUT00000010108	ENSGALG00000011205	ortholog_one2one	1
ENSTGUG00000009705	ENSTGUT00000010138	ENSGALG00000011200	ortholog_one2one	1
ENSTGUG00000009732	ENSTGUT00000010140	ENSGALG00000011195	ortholog_one2one	1
ENSTGUG00000009732	ENSTGUT00000010145	ENSGALG00000011195	ortholog_one2one	1
ENSTGUG00000009738	ENSTGUT00000010146	ENSGALG00000011193	ortholog_one2one	1
ENSTGUG00000009739	ENSTGUT00000010160	ENSGALG00000011192	ortholog_one2one	1
ENSTGUG00000009751	ENSTGUT00000010163	ENSGALG00000011189	ortholog_one2one	1
ENSTGUG00000009754	ENSTGUT00000010190	ENSGALG00000011186	ortholog_one2one	1
ENSTGUG00000009780	ENSTGUT00000010205	ENSGALG00000011182	ortholog_one2one	1
ENSTGUG00000009796	ENSTGUT00000010213	ENSGALG00000011180	ortholog_one2one	1
ENSTGUG00000009803	ENSTGUT00000010216			NA
ENSTGUG00000009806	ENSTGUT00000010235	ENSGALG00000011174	ortholog_one2one	1
ENSTGUG00000009824	ENSTGUT00000010243	ENSGALG00000011171	ortholog_one2one	1
ENSTGUG00000009832	ENSTGUT00000010251	ENSGALG00000011169	ortholog_one2one	1
ENSTGUG00000009841	ENSTGUT00000010280	ENSGALG00000011163	ortholog_one2one	1
ENSTGUG00000009866	ENSTGUT00000010289	ENSGALG00000020009	ortholog_one2one	0
ENSTGUG00000009874	ENSTGUT00000010307	ENSGALG00000011157	ortholog_one2one	1
ENSTGUG00000009892	ENSTGUT00000010309	ENSGALG00000011155	ortholog_one2one	1
ENSTGUG00000009894	ENSTGUT00000010335	ENSGALG00000011152	ortholog_one2one	1
ENSTGUG00000009918	ENSTGUT00000010336			NA
ENSTGUG00000009918	ENSTGUT00000010337			NA
ENSTGUG00000009919	ENSTGUT00000010340	ENSGALG00000026600	ortholog_one2one	1
ENSTGUG00000009921	ENSTGUT00000010378	ENSGALG00000011136	ortholog_one2one	1
ENSTGUG00000009957	ENSTGUT00000010384	ENSGALG00000011117	ortholog_one2one	1
ENSTGUG00000012071	ENSTGUT00000012568	ENSGALG00000015061	ortholog_one2one	1
ENSTGUG00000012072	ENSTGUT00000012574	ENSGALG00000015066	ortholog_one2one	1
ENSTGUG00000012077	ENSTGUT00000012576	ENSGALG00000015068	ortholog_one2one	1
ENSTGUG00000012079	ENSTGUT00000012590	ENSGALG00000015070	ortholog_one2one	1
ENSTGUG00000012092	ENSTGUT00000012593	ENSGALG00000015224	ortholog_one2one	1
ENSTGUG00000012095	ENSTGUT00000012594			NA
ENSTGUG00000012095	ENSTGUT00000012596			NA
ENSTGUG00000012097	ENSTGUT00000012597			NA
ENSTGUG00000012098	ENSTGUT00000012603	ENSGALG00000015231	ortholog_one2one	1
ENSTGUG00000012105	ENSTGUT00000012606	ENSGALG00000015238	ortholog_one2one	1
ENSTGUG00000012107	ENSTGUT00000012610	ENSGALG00000015283	ortholog_one2one	1
ENSTGUG00000012111	ENSTGUT00000012613			NA
ENSTGUG00000012113	ENSTGUT00000012621	ENSGALG00000015286	ortholog_one2one	1
ENSTGUG00000012122	ENSTGUT00000012629	ENSGALG00000015289	ortholog_one2many	1
ENSTGUG00000012130	ENSTGUT00000012631	ENSGALG00000015289	ortholog_one2many	1
ENSTGUG00000012135	ENSTGUT00000012636	ENSGALG00000015297	ortholog_one2one	1
ENSTGUG00000012136	ENSTGUT00000012642	ENSGALG00000015303	ortholog_one2one	1
ENSTGUG00000012141	ENSTGUT00000012647	ENSGALG00000015304	ortholog_one2one	1
ENSTGUG00000012147	ENSTGUT00000012654	ENSGALG00000015305	ortholog_one2one	1
ENSTGUG00000012154	ENSTGUT00000012656	ENSGALG00000015306	ortholog_one2one	1
ENSTGUG00000012155	ENSTGUT00000012664	ENSGALG00000015308	ortholog_one2one	1
ENSTGUG00000012164	ENSTGUT00000012667	ENSGALG00000015309	ortholog_one2one	1
ENSTGUG00000012167	ENSTGUT00000012668	ENSGALG00000015310	ortholog_one2one	1
ENSTGUG00000012168	ENSTGUT00000012675	ENSGALG00000015313	ortholog_one2one	1
ENSTGUG00000012175	ENSTGUT00000012677	ENSGALG00000015314	ortholog_one2one	1
ENSTGUG00000012177	ENSTGUT00000012680	ENSGALG00000015316	ortholog_one2one	1
ENSTGUG00000012180	ENSTGUT00000012686	ENSGALG00000015338	ortholog_one2one	1
ENSTGUG00000012187	ENSTGUT00000012692	ENSGALG00000015343	ortholog_one2one	1
ENSTGUG00000012192	ENSTGUT00000012698	ENSGALG00000015345	ortholog_one2one	1
ENSTGUG00000012198	ENSTGUT00000012701			NA
ENSTGUG00000012200	ENSTGUT00000012704	ENSGALG00000015387	ortholog_one2one	1
ENSTGUG00000012204	ENSTGUT00000012705	ENSGALG00000015388	ortholog_one2one	1
ENSTGUG00000012204	ENSTGUT00000012708	ENSGALG00000015388	ortholog_one2one	1
ENSTGUG00000012206	ENSTGUT00000012719	ENSGALG00000015405	ortholog_one2one	1
ENSTGUG00000012710	ENSTGUT00000013232	ENSGALG00000015949	ortholog_one2one	1
ENSTGUG00000012712	ENSTGUT00000013235	ENSGALG00000015951	ortholog_one2one	1
ENSTGUG00000012716	ENSTGUT00000013237	ENSGALG00000015952	ortholog_one2one	1
ENSTGUG00000012718	ENSTGUT00000013239	ENSGALG00000015959	ortholog_one2one	1
ENSTGUG00000012720	ENSTGUT00000013240			NA
ENSTGUG00000012721	ENSTGUT00000013250	ENSGALG00000015969	ortholog_one2one	1
ENSTGUG00000012730	ENSTGUT00000013262	ENSGALG00000015970	ortholog_one2one	1
ENSTGUG00000012740	ENSTGUT00000013263	ENSGALG00000016155	ortholog_one2one	1
ENSTGUG00000012741	ENSTGUT00000013272	ENSGALG00000016174	ortholog_one2one	1
ENSTGUG00000012749	ENSTGUT00000013281	ENSGALG00000016176	ortholog_one2one	1
ENSTGUG00000013130	ENSTGUT00000013675	ENSGALG00000016475	ortholog_one2one	1
ENSTGUG00000013130	ENSTGUT00000013678	ENSGALG00000016475	ortholog_one2one	1
ENSTGUG00000013130	ENSTGUT00000013680	ENSGALG00000016475	ortholog_one2one	1
ENSTGUG00000013135	ENSTGUT00000013681	ENSGALG00000016476	ortholog_one2one	1
ENSTGUG00000013136	ENSTGUT00000013688	ENSGALG00000016477	ortholog_one2one	1
ENSTGUG00000013143	ENSTGUT00000013691	ENSGALG00000016478	ortholog_one2one	1
ENSTGUG00000013146	ENSTGUT00000013693	ENSGALG00000016479	ortholog_one2one	1
ENSTGUG00000013148	ENSTGUT00000013694	ENSGALG00000016480	ortholog_one2one	1
ENSTGUG00000013149	ENSTGUT00000013702	ENSGALG00000016481	ortholog_one2one	1
ENSTGUG00000013159	ENSTGUT00000013707	ENSGALG00000016483	ortholog_one2one	1
ENSTGUG00000013162	ENSTGUT00000013708	ENSGALG00000016485	ortholog_one2one	1
ENSTGUG00000013163	ENSTGUT00000013709	ENSGALG00000016486	ortholog_one2one	1
ENSTGUG00000013164	ENSTGUT00000013710			NA
ENSTGUG00000013165	ENSTGUT00000013711	ENSGALG00000016487	ortholog_one2one	1
ENSTGUG00000013166	ENSTGUT00000013717	ENSGALG00000016491	ortholog_one2one	1
ENSTGUG00000013172	ENSTGUT00000013719	ENSGALG00000016492	ortholog_one2one	1
ENSTGUG00000013174	ENSTGUT00000013721			NA
ENSTGUG00000017941	ENSTGUT00000018628	ENSGALG00000018320	ortholog_one2one	1
ENSTGUG00000017900	ENSTGUT00000018587	ENSGALG00000018319	ortholog_one2one	1
ENSTGUG00000009177	ENSTGUT00000009569	ENSGALG00000014355	ortholog_one2one	1
ENSTGUG00000009193	ENSTGUT00000009606	ENSGALG00000014359	ortholog_one2one	1
ENSTGUG00000009230	ENSTGUT00000009624	ENSGALG00000014363	ortholog_one2one	1
ENSTGUG00000009245	ENSTGUT00000009643	ENSGALG00000014365	ortholog_one2one	1
ENSTGUG00000009263	ENSTGUT00000009645	ENSGALG00000022991	ortholog_one2one	1
ENSTGUG00000009265	ENSTGUT00000009669	ENSGALG00000014370	ortholog_one2one	1
ENSTGUG00000009265	ENSTGUT00000009671	ENSGALG00000014370	ortholog_one2one	1
ENSTGUG00000009289	ENSTGUT00000009711	ENSGALG00000014372	ortholog_one2many	1
ENSTGUG00000009328	ENSTGUT00000009783	ENSGALG00000014378	ortholog_one2many	1
ENSTGUG00000009397	ENSTGUT00000009789	ENSGALG00000014379	ortholog_one2one	1
ENSTGUG00000009404	ENSTGUT00000009804	ENSGALG00000014383	ortholog_one2one	1
ENSTGUG00000009417	ENSTGUT00000009820	ENSGALG00000014386	ortholog_one2one	1
ENSTGUG00000009434	ENSTGUT00000009824	ENSGALG00000028945	ortholog_one2one	1
ENSTGUG00000009438	ENSTGUT00000009837	ENSGALG00000014391	ortholog_one2one	1
ENSTGUG00000009451	ENSTGUT00000009838	ENSGALG00000018557	ortholog_one2one	1
ENSTGUG00000009452	ENSTGUT00000009874	ENSGALG00000014395	ortholog_one2one	1
ENSTGUG00000009487	ENSTGUT00000009904	ENSGALG00000014398	ortholog_one2one	1
ENSTGUG00000009514	ENSTGUT00000009909			NA
ENSTGUG00000009517	ENSTGUT00000009938	ENSGALG00000014404	ortholog_one2many	1
ENSTGUG00000004912	ENSTGUT00000005128	ENSGALG00000012109	ortholog_one2one	1
ENSTGUG00000004942	ENSTGUT00000005137	ENSGALG00000012103	ortholog_one2one	1
ENSTGUG00000004951	ENSTGUT00000005140	ENSGALG00000012032	ortholog_one2one	1
ENSTGUG00000004954	ENSTGUT00000005155	ENSGALG00000012030	ortholog_one2one	1
ENSTGUG00000004967	ENSTGUT00000005170	ENSGALG00000011681	ortholog_one2one	1
ENSTGUG00000004982	ENSTGUT00000005198	ENSGALG00000011688	ortholog_one2one	1
ENSTGUG00000005010	ENSTGUT00000005253	ENSGALG00000011685	ortholog_one2one	1
ENSTGUG00000005064	ENSTGUT00000005275	ENSGALG00000011695	ortholog_one2one	1
ENSTGUG00000005084	ENSTGUT00000005276			NA
ENSTGUG00000005085	ENSTGUT00000005303	ENSGALG00000012020	ortholog_one2one	1
ENSTGUG00000005110	ENSTGUT00000005304			NA
ENSTGUG00000005111	ENSTGUT00000005341	ENSGALG00000012027	ortholog_one2one	1
ENSTGUG00000005148	ENSTGUT00000005356	ENSGALG00000005265	ortholog_one2one	1
ENSTGUG00000005163	ENSTGUT00000005359	ENSGALG00000027184	ortholog_one2one	1
ENSTGUG00000005166	ENSTGUT00000005385	ENSGALG00000005294	ortholog_one2one	1
ENSTGUG00000005192	ENSTGUT00000005409	ENSGALG00000005301	ortholog_one2many	1
ENSTGUG00000005215	ENSTGUT00000005415	ENSGALG00000005318	ortholog_one2many	1
ENSTGUG00000005222	ENSTGUT00000005447	ENSGALG00000005353	ortholog_one2many	1
ENSTGUG00000005254	ENSTGUT00000005471	ENSGALG00000004106	ortholog_one2one	1
ENSTGUG00000005275	ENSTGUT00000005527	ENSGALG00000004153	ortholog_one2one	1
ENSTGUG00000005328	ENSTGUT00000005549	ENSGALG00000007550	ortholog_one2one	1
ENSTGUG00000005350	ENSTGUT00000005572	ENSGALG00000007555	ortholog_one2one	1
ENSTGUG00000005371	ENSTGUT00000005577	ENSGALG00000007556	ortholog_one2one	1
ENSTGUG00000005374	ENSTGUT00000005581	ENSGALG00000028376	ortholog_one2one	1
ENSTGUG00000005379	ENSTGUT00000005585	ENSGALG00000026853	ortholog_one2one	1
ENSTGUG00000005383	ENSTGUT00000005587			NA
ENSTGUG00000005384	ENSTGUT00000005588			NA
ENSTGUG00000005385	ENSTGUT00000005659	ENSGALG00000007617	ortholog_one2one	1
ENSTGUG00000005455	ENSTGUT00000005665	ENSGALG00000007625	ortholog_one2one	1
ENSTGUG00000005461	ENSTGUT00000005726	ENSGALG00000007672	ortholog_one2one	1
ENSTGUG00000005520	ENSTGUT00000005782	ENSGALG00000007700	ortholog_one2one	1
ENSTGUG00000005571	ENSTGUT00000005800	ENSGALG00000007719	ortholog_one2one	1
ENSTGUG00000008522	ENSTGUT00000008899	ENSGALG00000006074	ortholog_one2one	1
ENSTGUG00000008555	ENSTGUT00000008904	ENSGALG00000006077	ortholog_one2one	1
ENSTGUG00000008557	ENSTGUT00000008918	ENSGALG00000006090	ortholog_one2many	1
ENSTGUG00000008572	ENSTGUT00000008921	ENSGALG00000006096	ortholog_one2one	0
ENSTGUG00000008575	ENSTGUT00000008987	ENSGALG00000006121	ortholog_one2one	1
ENSTGUG00000008639	ENSTGUT00000009027	ENSGALG00000006147	ortholog_one2many	1
ENSTGUG00000008677	ENSTGUT00000009033	ENSGALG00000020505	ortholog_one2one	1
ENSTGUG00000008682	ENSTGUT00000009100	ENSGALG00000006172	ortholog_one2one	1
ENSTGUG00000008748	ENSTGUT00000009142	ENSGALG00000006192	ortholog_one2one	1
ENSTGUG00000008789	ENSTGUT00000009165	ENSGALG00000006208	ortholog_one2one	1
ENSTGUG00000008789	ENSTGUT00000009167	ENSGALG00000006208	ortholog_one2one	1
ENSTGUG00000008813	ENSTGUT00000009169	ENSGALG00000028696	ortholog_one2one	1
ENSTGUG00000008814	ENSTGUT00000009174	ENSGALG00000006216	ortholog_one2one	1
ENSTGUG00000008819	ENSTGUT00000009176			NA
ENSTGUG00000008821	ENSTGUT00000009185	ENSGALG00000006220	ortholog_one2one	1
ENSTGUG00000008830	ENSTGUT00000009196	ENSGALG00000006231	ortholog_one2one	1
ENSTGUG00000008841	ENSTGUT00000009218	ENSGALG00000006236	ortholog_one2many	1
ENSTGUG00000008863	ENSTGUT00000009227	ENSGALG00000026111	ortholog_one2one	1
ENSTGUG00000008872	ENSTGUT00000009259	ENSGALG00000006266	ortholog_one2one	1
ENSTGUG00000008904	ENSTGUT00000009288	ENSGALG00000006281	ortholog_one2one	1
ENSTGUG00000008930	ENSTGUT00000009295	ENSGALG00000006300	ortholog_one2one	1
ENSTGUG00000008935	ENSTGUT00000009303	ENSGALG00000006312	ortholog_one2one	1
ENSTGUG00000008943	ENSTGUT00000009327	ENSGALG00000006342	ortholog_one2one	1
ENSTGUG00000008968	ENSTGUT00000009340	ENSGALG00000006355	ortholog_one2one	1
ENSTGUG00000008968	ENSTGUT00000009341	ENSGALG00000006355	ortholog_one2one	1
ENSTGUG00000008968	ENSTGUT00000009343	ENSGALG00000006355	ortholog_one2one	1
ENSTGUG00000008981	ENSTGUT00000009347	ENSGALG00000006358	ortholog_one2one	1
ENSTGUG00000008983	ENSTGUT00000009370	ENSGALG00000006368	ortholog_one2many	1
ENSTGUG00000009007	ENSTGUT00000009405	ENSGALG00000006382	ortholog_one2one	1
ENSTGUG00000009038	ENSTGUT00000009468	ENSGALG00000006401	ortholog_one2many	1
ENSTGUG00000009097	ENSTGUT00000009469	ENSGALG00000006407	ortholog_one2one	1
ENSTGUG00000009099	ENSTGUT00000009519	ENSGALG00000006427	ortholog_one2many	1
ENSTGUG00000009146	ENSTGUT00000009538	ENSGALG00000006446	ortholog_one2one	1
ENSTGUG00000011597	ENSTGUT00000012082	ENSGALG00000010454	ortholog_one2one	1
ENSTGUG00000011600	ENSTGUT00000012101	ENSGALG00000010461	ortholog_one2one	1
ENSTGUG00000011617	ENSTGUT00000012105	ENSGALG00000010464	ortholog_one2many	0
ENSTGUG00000011623	ENSTGUT00000012117	ENSGALG00000010464	ortholog_one2many	0
ENSTGUG00000011634	ENSTGUT00000012119	ENSGALG00000010470	ortholog_one2one	1
ENSTGUG00000011634	ENSTGUT00000012121	ENSGALG00000010470	ortholog_one2one	1
ENSTGUG00000011634	ENSTGUT00000012122	ENSGALG00000010470	ortholog_one2one	1
ENSTGUG00000011637	ENSTGUT00000012124	ENSGALG00000010471	ortholog_one2one	1
ENSTGUG00000011638	ENSTGUT00000012127	ENSGALG00000010476	ortholog_one2one	1
ENSTGUG00000011642	ENSTGUT00000012129			NA
ENSTGUG00000011644	ENSTGUT00000012144	ENSGALG00000010486	ortholog_one2many	1
ENSTGUG00000011657	ENSTGUT00000012150	ENSGALG00000010490	ortholog_one2one	1
ENSTGUG00000011662	ENSTGUT00000012161	ENSGALG00000020615	ortholog_one2one	1
ENSTGUG00000011674	ENSTGUT00000012162	ENSGALG00000010491	ortholog_one2one	1
ENSTGUG00000011675	ENSTGUT00000012178	ENSGALG00000010493	ortholog_one2one	1
ENSTGUG00000011691	ENSTGUT00000012179			NA
ENSTGUG00000011692	ENSTGUT00000012181	ENSGALG00000010500	ortholog_one2one	1
ENSTGUG00000011694	ENSTGUT00000012182	ENSGALG00000010513	ortholog_one2one	1
ENSTGUG00000011695	ENSTGUT00000012183			NA
ENSTGUG00000011696	ENSTGUT00000012193			NA
ENSTGUG00000011706	ENSTGUT00000012194	ENSGALG00000010517	ortholog_one2one	1
ENSTGUG00000011707	ENSTGUT00000012210	ENSGALG00000010522	ortholog_one2one	1
ENSTGUG00000008736	ENSTGUT00000009098	ENSGALG00000027511	ortholog_one2one	0
ENSTGUG00000008746	ENSTGUT00000009124	ENSGALG00000014276	ortholog_one2many	1
ENSTGUG00000008770	ENSTGUT00000009139	ENSGALG00000014270	ortholog_one2many	1
ENSTGUG00000008786	ENSTGUT00000009151	ENSGALG00000014209	ortholog_one2one	1
ENSTGUG00000008798	ENSTGUT00000009182	ENSGALG00000009321	ortholog_one2one	1
ENSTGUG00000008827	ENSTGUT00000009204	ENSGALG00000009301	ortholog_one2one	1
ENSTGUG00000008848	ENSTGUT00000009235	ENSGALG00000009293	ortholog_one2one	1
ENSTGUG00000008880	ENSTGUT00000009262	ENSGALG00000009287	ortholog_one2one	1
ENSTGUG00000008907	ENSTGUT00000009274	ENSGALG00000009286	ortholog_one2one	1
ENSTGUG00000008918	ENSTGUT00000009289	ENSGALG00000009283	ortholog_one2one	1
ENSTGUG00000008931	ENSTGUT00000009293			NA
ENSTGUG00000008936	ENSTGUT00000009296	ENSGALG00000009277	ortholog_one2one	1
ENSTGUG00000008938	ENSTGUT00000009299	ENSGALG00000009274	ortholog_one2one	1
ENSTGUG00000008941	ENSTGUT00000009302	ENSGALG00000009273	ortholog_one2one	1
ENSTGUG00000008944	ENSTGUT00000009306			NA
ENSTGUG00000008948	ENSTGUT00000009314	ENSGALG00000009270	ortholog_one2one	0
ENSTGUG00000008955	ENSTGUT00000009318			NA
ENSTGUG00000008959	ENSTGUT00000009330	ENSGALG00000023419	ortholog_one2one	1
ENSTGUG00000008971	ENSTGUT00000009338	ENSGALG00000023420	ortholog_one2one	1
ENSTGUG00000008978	ENSTGUT00000009359	ENSGALG00000009264	ortholog_one2one	1
ENSTGUG00000008996	ENSTGUT00000009391	ENSGALG00000009250	ortholog_one2one	1
ENSTGUG00000009026	ENSTGUT00000009396	ENSGALG00000009240	ortholog_one2one	1
ENSTGUG00000009030	ENSTGUT00000009398			NA
ENSTGUG00000009031	ENSTGUT00000009442	ENSGALG00000009236	ortholog_one2many	1
ENSTGUG00000009073	ENSTGUT00000009480	ENSGALG00000009215	ortholog_one2one	1
ENSTGUG00000009110	ENSTGUT00000009486	ENSGALG00000009224	ortholog_one2one	1
ENSTGUG00000009116	ENSTGUT00000009512	ENSGALG00000009202	ortholog_one2many	1
ENSTGUG00000009140	ENSTGUT00000009559	ENSGALG00000009172	ortholog_one2one	1
ENSTGUG00000009184	ENSTGUT00000009565	ENSGALG00000023439	ortholog_one2one	1
ENSTGUG00000009189	ENSTGUT00000009570	ENSGALG00000009149	ortholog_one2one	1
ENSTGUG00000009194	ENSTGUT00000009584	ENSGALG00000009135	ortholog_one2one	1
ENSTGUG00000009209	ENSTGUT00000009589	ENSGALG00000026366	ortholog_one2many	0
ENSTGUG00000009213	ENSTGUT00000009593			NA
ENSTGUG00000009215	ENSTGUT00000009600	ENSGALG00000026366	ortholog_one2many	0
ENSTGUG00000009225	ENSTGUT00000009661	ENSGALG00000026366	ortholog_one2many	0
ENSTGUG00000009285	ENSTGUT00000009678	ENSGALG00000020788	ortholog_one2many	0
ENSTGUG00000009296	ENSTGUT00000009699	ENSGALG00000009031	ortholog_one2one	1
ENSTGUG00000009316	ENSTGUT00000009722	ENSGALG00000009012	ortholog_one2one	1
ENSTGUG00000009340	ENSTGUT00000009764	ENSGALG00000009001	ortholog_one2many	0
ENSTGUG00000009380	ENSTGUT00000009767	ENSGALG00000020793	ortholog_one2one	0
ENSTGUG00000009384	ENSTGUT00000009845	ENSGALG00000008978	ortholog_one2one	1
ENSTGUG00000009459	ENSTGUT00000009853	ENSGALG00000008910	ortholog_one2one	1
ENSTGUG00000009459	ENSTGUT00000009856	ENSGALG00000008910	ortholog_one2one	1
ENSTGUG00000009469	ENSTGUT00000009887	ENSGALG00000008903	ortholog_one2one	1
ENSTGUG00000009498	ENSTGUT00000009890	ENSGALG00000008896	ortholog_one2many	1
ENSTGUG00000009501	ENSTGUT00000009955	ENSGALG00000008885	ortholog_one2one	1
ENSTGUG00000009565	ENSTGUT00000010002	ENSGALG00000008862	ortholog_one2one	1
ENSTGUG00000009607	ENSTGUT00000010043	ENSGALG00000008842	ortholog_one2one	1
ENSTGUG00000009644	ENSTGUT00000010079	ENSGALG00000008818	ortholog_one2one	1
ENSTGUG00000009677	ENSTGUT00000010092			NA
ENSTGUG00000009689	ENSTGUT00000010096			NA
ENSTGUG00000009691	ENSTGUT00000010109	ENSGALG00000008738	ortholog_one2one	1
ENSTGUG00000009691	ENSTGUT00000010113	ENSGALG00000008738	ortholog_one2one	1
ENSTGUG00000009709	ENSTGUT00000010134	ENSGALG00000008730	ortholog_one2one	1
ENSTGUG00000009728	ENSTGUT00000010155	ENSGALG00000008714	ortholog_one2one	1
ENSTGUG00000009747	ENSTGUT00000010165	ENSGALG00000008674	ortholog_one2one	1
ENSTGUG00000009756	ENSTGUT00000010175	ENSGALG00000008666	ortholog_one2one	1
ENSTGUG00000009766	ENSTGUT00000010180	ENSGALG00000008656	ortholog_one2one	1
ENSTGUG00000009770	ENSTGUT00000010206	ENSGALG00000013448	ortholog_one2one	1
ENSTGUG00000009797	ENSTGUT00000010304	ENSGALG00000008621	ortholog_one2one	1
ENSTGUG00000009890	ENSTGUT00000010310	ENSGALG00000008610	ortholog_one2one	1
ENSTGUG00000009890	ENSTGUT00000010311	ENSGALG00000008610	ortholog_one2one	1
ENSTGUG00000009895	ENSTGUT00000010350	ENSGALG00000008606	ortholog_one2many	1
ENSTGUG00000009931	ENSTGUT00000010374	ENSGALG00000008590	ortholog_one2one	1
ENSTGUG00000009954	ENSTGUT00000010381	ENSGALG00000008589	ortholog_one2one	1
ENSTGUG00000009961	ENSTGUT00000010383	ENSGALG00000027444	ortholog_one2one	1
ENSTGUG00000009963	ENSTGUT00000010412	ENSGALG00000008582	ortholog_one2one	1
ENSTGUG00000009992	ENSTGUT00000010416	ENSGALG00000020836	ortholog_one2one	1
ENSTGUG00000009995	ENSTGUT00000010418			NA
ENSTGUG00000009996	ENSTGUT00000010419	ENSGALG00000008562	ortholog_one2one	1
ENSTGUG00000009999	ENSTGUT00000010426	ENSGALG00000008548	ortholog_one2one	1
ENSTGUG00000010004	ENSTGUT00000010434	ENSGALG00000008529	ortholog_one2one	1
ENSTGUG00000010012	ENSTGUT00000010439	ENSGALG00000008516	ortholog_one2one	1
ENSTGUG00000017762	ENSTGUT00000018449	ENSGALG00000018331	ortholog_one2one	1
ENSTGUG00000018572	ENSTGUT00000019288			NA
ENSTGUG00000017864	ENSTGUT00000018551	ENSGALG00000025418	ortholog_one2many	1
ENSTGUG00000017739	ENSTGUT00000018426	ENSGALG00000025418	ortholog_one2many	1
ENSTGUG00000018597	ENSTGUT00000019313			NA
ENSTGUG00000018387	ENSTGUT00000018952	ENSGALG00000008803	ortholog_one2one	1
ENSTGUG00000010106	ENSTGUT00000010543	ENSGALG00000011113	ortholog_one2one	1
ENSTGUG00000010119	ENSTGUT00000010564	ENSGALG00000011118	ortholog_one2one	1
ENSTGUG00000010140	ENSTGUT00000010584	ENSGALG00000011121	ortholog_one2many	1
ENSTGUG00000010158	ENSTGUT00000010586	ENSGALG00000020600	ortholog_one2one	1
ENSTGUG00000010160	ENSTGUT00000010587			NA
ENSTGUG00000010161	ENSTGUT00000010592	ENSGALG00000011115	ortholog_one2one	1
ENSTGUG00000010166	ENSTGUT00000010605	ENSGALG00000008444	ortholog_one2one	1
ENSTGUG00000010179	ENSTGUT00000010608			NA
ENSTGUG00000010182	ENSTGUT00000010609			NA
ENSTGUG00000010183	ENSTGUT00000010611			NA
ENSTGUG00000010185	ENSTGUT00000010630	ENSGALG00000011229	ortholog_one2one	1
ENSTGUG00000010203	ENSTGUT00000010632	ENSGALG00000026591	ortholog_one2one	1
ENSTGUG00000010205	ENSTGUT00000010634			NA
ENSTGUG00000010207	ENSTGUT00000010655	ENSGALG00000011238	ortholog_one2one	1
ENSTGUG00000010227	ENSTGUT00000010668	ENSGALG00000011255	ortholog_one2one	1
ENSTGUG00000010240	ENSTGUT00000010689	ENSGALG00000011259	ortholog_one2many	1
ENSTGUG00000010258	ENSTGUT00000010697	ENSGALG00000011275	ortholog_one2one	1
ENSTGUG00000010266	ENSTGUT00000010706	ENSGALG00000011331	ortholog_one2one	1
ENSTGUG00000010275	ENSTGUT00000010715	ENSGALG00000011311	ortholog_one2one	0
ENSTGUG00000010284	ENSTGUT00000010733	ENSGALG00000011305	ortholog_one2one	1
ENSTGUG00000010302	ENSTGUT00000010762	ENSGALG00000011301	ortholog_one2one	1
ENSTGUG00000010330	ENSTGUT00000010776	ENSGALG00000011284	ortholog_one2many	1
ENSTGUG00000010344	ENSTGUT00000010780	ENSGALG00000011284	ortholog_one2many	1
ENSTGUG00000010348	ENSTGUT00000010782			NA
ENSTGUG00000010350	ENSTGUT00000010784	ENSGALG00000023142	ortholog_one2one	1
ENSTGUG00000010351	ENSTGUT00000010797	ENSGALG00000011340	ortholog_one2one	1
ENSTGUG00000010364	ENSTGUT00000010816	ENSGALG00000011350	ortholog_one2one	1
ENSTGUG00000010382	ENSTGUT00000010830	ENSGALG00000011353	ortholog_one2many	1
ENSTGUG00000010396	ENSTGUT00000010836	ENSGALG00000011353	ortholog_one2many	1
ENSTGUG00000010402	ENSTGUT00000010842	ENSGALG00000011361	ortholog_one2one	1
ENSTGUG00000010408	ENSTGUT00000010845	ENSGALG00000011364	ortholog_one2one	1
ENSTGUG00000010411	ENSTGUT00000010854	ENSGALG00000011369	ortholog_one2one	1
ENSTGUG00000010420	ENSTGUT00000010879	ENSGALG00000011379	ortholog_one2one	1
ENSTGUG00000010443	ENSTGUT00000010900			NA
ENSTGUG00000010463	ENSTGUT00000010903	ENSGALG00000011388	ortholog_one2one	1
ENSTGUG00000010465	ENSTGUT00000010913	ENSGALG00000012587	ortholog_one2one	1
ENSTGUG00000010473	ENSTGUT00000010928	ENSGALG00000011392	ortholog_one2one	1
ENSTGUG00000017594	ENSTGUT00000018281	ENSGALG00000017875	ortholog_one2one	1
ENSTGUG00000002168	ENSTGUT00000002256	ENSGALG00000014824	ortholog_one2one	1
ENSTGUG00000002171	ENSTGUT00000002259	ENSGALG00000014826	ortholog_one2one	1
ENSTGUG00000002173	ENSTGUT00000002272	ENSGALG00000014832	ortholog_one2one	1
ENSTGUG00000002186	ENSTGUT00000002283	ENSGALG00000014833	ortholog_one2one	1
ENSTGUG00000002197	ENSTGUT00000002293	ENSGALG00000014835	ortholog_one2one	1
ENSTGUG00000002207	ENSTGUT00000002311	ENSGALG00000014840	ortholog_one2one	1
ENSTGUG00000002227	ENSTGUT00000002315	ENSGALG00000014845	ortholog_one2one	1
ENSTGUG00000002229	ENSTGUT00000002342	ENSGALG00000014846	ortholog_one2one	1
ENSTGUG00000002256	ENSTGUT00000002349			NA
ENSTGUG00000002262	ENSTGUT00000002350	ENSGALG00000014851	ortholog_one2one	1
ENSTGUG00000002264	ENSTGUT00000002351	ENSGALG00000028862	ortholog_one2many	1
ENSTGUG00000002265	ENSTGUT00000002358	ENSGALG00000014855	ortholog_one2one	1
ENSTGUG00000002272	ENSTGUT00000002359	ENSGALG00000023503	ortholog_one2one	1
ENSTGUG00000002273	ENSTGUT00000002363	ENSGALG00000014859	ortholog_one2one	1
ENSTGUG00000002277	ENSTGUT00000002365	ENSGALG00000014861	ortholog_one2one	1
ENSTGUG00000002279	ENSTGUT00000002376	ENSGALG00000014862	ortholog_one2one	1
ENSTGUG00000002290	ENSTGUT00000002377	ENSGALG00000014863	ortholog_one2one	1
ENSTGUG00000002291	ENSTGUT00000002384	ENSGALG00000014865	ortholog_one2one	1
ENSTGUG00000002299	ENSTGUT00000002388	ENSGALG00000014867	ortholog_one2one	1
ENSTGUG00000002303	ENSTGUT00000002420	ENSGALG00000014869	ortholog_one2one	1
ENSTGUG00000002333	ENSTGUT00000002423	ENSGALG00000014872	ortholog_one2one	1
ENSTGUG00000002336	ENSTGUT00000002424			NA
ENSTGUG00000002337	ENSTGUT00000002432	ENSGALG00000014874	ortholog_one2one	1
ENSTGUG00000002345	ENSTGUT00000002439	ENSGALG00000014875	ortholog_one2one	1
ENSTGUG00000002352	ENSTGUT00000002442	ENSGALG00000014877	ortholog_one2one	1
ENSTGUG00000002355	ENSTGUT00000002462	ENSGALG00000014880	ortholog_one2one	1
ENSTGUG00000004740	ENSTGUT00000005053	ENSGALG00000015058	ortholog_one2one	1
ENSTGUG00000004875	ENSTGUT00000005066	ENSGALG00000020557	ortholog_one2one	0
ENSTGUG00000004875	ENSTGUT00000005071	ENSGALG00000020557	ortholog_one2one	0
ENSTGUG00000004885	ENSTGUT00000005126	ENSGALG00000015053	ortholog_one2one	1
ENSTGUG00000004941	ENSTGUT00000005159	ENSGALG00000015052	ortholog_one2one	1
ENSTGUG00000004972	ENSTGUT00000005161	ENSGALG00000020558	ortholog_one2one	1
ENSTGUG00000004973	ENSTGUT00000005164	ENSGALG00000015050	ortholog_one2many	1
ENSTGUG00000004976	ENSTGUT00000005168	ENSGALG00000015050	ortholog_one2many	1
ENSTGUG00000004979	ENSTGUT00000005178	ENSGALG00000015045	ortholog_one2one	1
ENSTGUG00000004990	ENSTGUT00000005202	ENSGALG00000000438	ortholog_one2one	1
ENSTGUG00000005013	ENSTGUT00000005221	ENSGALG00000015036	ortholog_one2one	1
ENSTGUG00000005013	ENSTGUT00000005223	ENSGALG00000015036	ortholog_one2one	1
ENSTGUG00000005033	ENSTGUT00000005232	ENSGALG00000015032	ortholog_one2one	1
ENSTGUG00000005041	ENSTGUT00000005233	ENSGALG00000015028	ortholog_one2one	1
ENSTGUG00000005043	ENSTGUT00000005331	ENSGALG00000015027	ortholog_one2one	1
ENSTGUG00000005138	ENSTGUT00000005348	ENSGALG00000015024	ortholog_one2one	1
ENSTGUG00000005155	ENSTGUT00000005382	ENSGALG00000014447	ortholog_one2one	1
ENSTGUG00000005189	ENSTGUT00000005396	ENSGALG00000014448	ortholog_one2one	1
ENSTGUG00000005203	ENSTGUT00000005401	ENSGALG00000000123	ortholog_one2one	0
ENSTGUG00000005208	ENSTGUT00000005407	ENSGALG00000028659	ortholog_one2one	1
ENSTGUG00000005214	ENSTGUT00000005459	ENSGALG00000010187	ortholog_one2one	1
ENSTGUG00000005265	ENSTGUT00000005463			NA
ENSTGUG00000005266	ENSTGUT00000005484	ENSGALG00000010180	ortholog_one2one	1
ENSTGUG00000005287	ENSTGUT00000005526	ENSGALG00000010179	ortholog_one2one	1
ENSTGUG00000005327	ENSTGUT00000005538	ENSGALG00000025765	ortholog_many2many	1
ENSTGUG00000005327	ENSTGUT00000005538	ENSGALG00000023986	ortholog_many2many	1
ENSTGUG00000005339	ENSTGUT00000005579	ENSGALG00000010178	ortholog_one2one	1
ENSTGUG00000005377	ENSTGUT00000005584	ENSGALG00000010173	ortholog_one2one	1
ENSTGUG00000005381	ENSTGUT00000005586	ENSGALG00000020349	ortholog_one2many	1
ENSTGUG00000005381	ENSTGUT00000005591	ENSGALG00000020349	ortholog_one2many	1
ENSTGUG00000005386	ENSTGUT00000005664	ENSGALG00000010166	ortholog_one2one	1
ENSTGUG00000005460	ENSTGUT00000005719	ENSGALG00000010164	ortholog_one2one	1
ENSTGUG00000017986	ENSTGUT00000018673	ENSGALG00000018350	ortholog_one2one	1
ENSTGUG00000018223	ENSTGUT00000019256	ENSGALG00000014857	ortholog_one2one	1
ENSTGUG00000018271	ENSTGUT00000019087	ENSGALG00000019756	ortholog_one2one	1
